<?xml version="1.0" encoding="UTF-8"?>
<project default="generate" name="org.eclipse.acceleo.M2T">
    <property name="ECLIPSE_HOME" value="../../../../../Applications/Eclipse.app/Contents/Eclipse"/>
    <property name="ECLIPSE_WORKSPACE" value="../.."/>

    <!-- The classpath with only the dependencies used by the project -->
    <path id="org.eclipse.acceleo.M2T.libraryclasspath">
        <pathelement location="${ECLIPSE_WORKSPACE}/org.eclipse.acceleo.M2T/bin"/>
        <pathelement location="${ECLIPSE_HOME}/plugins/org.osgi.annotation.versioning_1.1.2.202109301733.jar"/>
        <pathelement location="${ECLIPSE_HOME}/plugins/org.osgi.annotation.bundle_2.0.0.202202082230.jar"/>
        <pathelement location="${ECLIPSE_HOME}/plugins/org.osgi.service.component.annotations_1.5.1.202212101352.jar"/>
        <pathelement location="${ECLIPSE_HOME}/plugins/org.osgi.service.metatype.annotations_1.4.1.202109301733.jar"/>
        <pathelement location="${ECLIPSE_HOME}/plugins/org.eclipse.core.runtime_3.27.0.v20230515-1719.jar"/>
        <pathelement location="${ECLIPSE_HOME}/plugins/org.eclipse.osgi_3.18.400.v20230509-2241.jar"/>
        <pathelement location="${ECLIPSE_HOME}/plugins/org.eclipse.osgi.compatibility.state_1.2.800.v20221116-1440.jar"/>
        <pathelement location="${ECLIPSE_HOME}/plugins/org.eclipse.equinox.common_3.18.0.v20230523-2142.jar"/>
        <pathelement location="${ECLIPSE_HOME}/plugins/org.eclipse.core.jobs_3.14.0.v20230317-0901.jar"/>
        <pathelement location="${ECLIPSE_HOME}/plugins/org.eclipse.equinox.registry_3.11.200.v20220817-1601.jar"/>
        <pathelement location="${ECLIPSE_HOME}/plugins/org.eclipse.equinox.preferences_3.10.200.v20230120-0604.jar"/>
        <pathelement location="${ECLIPSE_HOME}/plugins/org.osgi.service.prefs_1.1.2.202109301733.jar"/>
        <pathelement location="${ECLIPSE_HOME}/plugins/org.eclipse.core.contenttype_3.9.0.v20230412-0829.jar"/>
        <pathelement location="${ECLIPSE_HOME}/plugins/org.eclipse.equinox.app_1.6.200.v20220720-2012.jar"/>
        <pathelement location="${ECLIPSE_HOME}/plugins/org.eclipse.emf.ecore_2.34.0.v20230406-1203.jar"/>
        <pathelement location="${ECLIPSE_HOME}/plugins/org.eclipse.emf.common_2.28.0.v20230315-1321.jar"/>
        <pathelement location="${ECLIPSE_HOME}/plugins/org.eclipse.emf.ecore.xmi_2.18.0.v20230211-1150.jar"/>
        <pathelement location="${ECLIPSE_HOME}/plugins/org.eclipse.ocl_3.18.0.v20221201-0557.jar"/>
        <pathelement location="${ECLIPSE_HOME}/plugins/lpg.runtime.java_2.0.17.v201004271640.jar"/>
        <pathelement location="${ECLIPSE_HOME}/plugins/org.eclipse.ocl.common_1.18.0.v20221201-0557.jar"/>
        <pathelement location="${ECLIPSE_HOME}/plugins/org.eclipse.ocl.ecore_3.18.0.v20221201-0557.jar"/>
        <pathelement location="${ECLIPSE_HOME}/plugins/org.eclipse.acceleo.common_3.7.14.202311201319.jar"/>
        <pathelement location="${ECLIPSE_HOME}/plugins/org.eclipse.acceleo.model_3.7.14.202311201319.jar"/>
        <pathelement location="${ECLIPSE_HOME}/plugins/org.eclipse.acceleo.profiler_3.7.14.202311201319.jar"/>
        <pathelement location="${ECLIPSE_HOME}/plugins/org.eclipse.acceleo.engine_3.7.14.202311201319.jar"/>
        <pathelement location="${ECLIPSE_HOME}/plugins/org.eclipse.emf.codegen.ecore_2.34.0.v20230406-1334.jar"/>
        <pathelement location="${ECLIPSE_HOME}/plugins/org.eclipse.emf.codegen_2.23.0.v20230211-1150.jar"/>
        <pathelement location="${ECLIPSE_HOME}/plugins/com.google.guava_32.1.3.jre.jar"/>
    </path>

    <path id="org.eclipse.acceleo.M2T.classpath">
        <path refid="org.eclipse.acceleo.M2T.libraryclasspath"/>
    </path>

    <!-- The classpath with only the jars available in the plugin folder of Eclipse -->
    <path id="org.eclipse.acceleo.M2T.libraryclasspath.alljars">
        <pathelement location="../org.eclipse.acceleo.M2T/bin"/>
        <fileset dir="${ECLIPSE_HOME}/plugins/" includes="*.jar"/>
    </path>

    <path id="org.eclipse.acceleo.M2T.classpath.alljars">
        <path refid="org.eclipse.acceleo.M2T.libraryclasspath.alljars"/>
    </path>

    <!-- The default task with the jars used by this project -->
    <target name="generate">
        <java classname="org.eclipse.acceleo.M2T.main.Generate" classpathref="org.eclipse.acceleo.M2T.classpath">
            <arg value="${model}"/>
            <arg value="${target}"/>
        </java>
    </target>

    <!--
        In case of problem you can also try with all the jar available in your Eclipse
        Keep in mind that having two versions of the same jar can create problems
    -->
    <target name="generate.alljars">
        <java classname="org.eclipse.acceleo.M2T.main.Generate" classpathref="org.eclipse.acceleo.M2T.classpath">
            <arg value="${model}"/>
            <arg value="${target}"/>
        </java>
    </target>
</project>
